[{"pageNo":1,"box":[20,18,796,567],"index":8,"y":0,"audio":0},{"pageNo":1,"box":[214,360,213,178],"index":0,"y":1,"audio":1},{"pageNo":1,"box":[387,385,247,177],"index":1,"y":2,"audio":2},{"pageNo":1,"box":[34,240,213,192],"index":2,"y":3,"audio":3},{"pageNo":1,"box":[357,103,156,175],"index":6,"y":4,"audio":4},{"pageNo":1,"box":[208,218,146,119],"index":3,"y":5,"audio":5},{"pageNo":1,"box":[478,105,178,122],"index":5,"y":6,"audio":6},{"pageNo":1,"box":[630,214,194,229],"index":4,"y":7,"audio":7},{"pageNo":1,"box":[319,254,119,132],"index":7,"y":8,"audio":8}]