[{"pageNo":1,"box":[60,167,481,185],"index":0,"y":0,"audio":0},{"pageNo":5,"box":[70,58,460,305],"index":1,"y":1,"audio":1},{"pageNo":14,"box":[68,291,466,152],"index":2,"y":2,"audio":2},{"pageNo":16,"box":[69,54,459,181],"index":3,"y":3,"audio":3},{"pageNo":17,"box":[72,50,461,333],"index":4,"y":4,"audio":4},{"pageNo":17,"box":[73,396,458,156],"index":5,"y":5,"audio":5},{"pageNo":18,"box":[69,278,208,40],"index":6,"y":6,"audio":null},{"pageNo":18,"box":[75,466,453,208],"index":7,"y":7,"audio":6},{"pageNo":19,"box":[68,570,204,43],"index":8,"y":8,"audio":null},{"pageNo":20,"box":[60,60,472,249],"index":9,"y":9,"audio":7},{"pageNo":21,"box":[53,133,287,140],"index":10,"y":10,"audio":null},{"pageNo":21,"box":[72,373,232,40],"index":11,"y":11,"audio":null},{"pageNo":22,"box":[61,53,469,423],"index":12,"y":12,"audio":8},{"pageNo":25,"box":[130,44,348,397],"index":13,"y":13,"audio":9},{"pageNo":26,"box":[81,51,432,232],"index":14,"y":14,"audio":10},{"pageNo":27,"box":[95,45,413,579],"index":15,"y":15,"audio":11},{"pageNo":28,"box":[70,58,231,46],"index":16,"y":16,"audio":null},{"pageNo":29,"box":[76,136,443,374],"index":17,"y":17,"audio":12},{"pageNo":32,"box":[136,50,328,165],"index":18,"y":18,"audio":13},{"pageNo":33,"box":[66,136,208,134],"index":19,"y":19,"audio":null},{"pageNo":34,"box":[73,53,458,382],"index":20,"y":20,"audio":14},{"pageNo":35,"box":[78,306,443,376],"index":21,"y":21,"audio":15},{"pageNo":38,"box":[73,60,447,376],"index":22,"y":22,"audio":16},{"pageNo":39,"box":[68,144,192,121],"index":23,"y":23,"audio":null},{"pageNo":39,"box":[69,274,458,129],"index":24,"y":24,"audio":17}]