[{"pageNo":1,"box":[31,19,776,558],"index":0,"y":0,"audio":0},{"pageNo":1,"box":[214,360,213,178],"index":1,"y":1,"audio":1},{"pageNo":1,"box":[382,393,248,196],"index":2,"y":2,"audio":2},{"pageNo":1,"box":[4,240,204,194],"index":3,"y":3,"audio":3},{"pageNo":1,"box":[357,88,157,191],"index":4,"y":4,"audio":4},{"pageNo":1,"box":[199,219,146,119],"index":5,"y":5,"audio":5},{"pageNo":1,"box":[491,99,178,122],"index":6,"y":6,"audio":6},{"pageNo":1,"box":[613,187,225,286],"index":7,"y":7,"audio":7},{"pageNo":1,"box":[319,254,119,132],"index":8,"y":8,"audio":8}]